architecture,task_name,success,duration_s,llm_calls,total_tokens,final_answer,notes
Baseline Chain,Known Math (Division),True,8.147985935211182,2,509,"That's correct! The division of 512 by 16 indeed equals 32. If you'd like, I can verify this calculation for you using the `divide` tool. Let me know!",
SynapseReVAL,Known Math (Division),False,2.9599602222442627,1,203,No final answer produced.,
Baseline Chain,Novel Math (Exponentiation),True,15.255202531814575,2,548,"That's correct! The calculation for \( 8^3 \) is indeed:

\[ 8^3 = 8 \times 8 \times 8 = 512 \]

Let me know if you'd like help with any other calculations or explanations!",
SynapseReVAL,Novel Math (Exponentiation),False,13.640273809432983,4,1279,"It looks like you already have the correct answer! If you'd like, I can verify it for you using the `simple_verifier` tool. Let me know if you'd like me to proceed.",
Baseline Chain,Ambiguous Task (Philosophy),False,25.394582509994507,2,1494,"Your summary provides a comprehensive overview of the multifaceted nature of numbers, and it’s fascinating how different disciplines and philosophies interpret them. If you’d like, we can delve deeper into any of these perspectives or explore specific questions, such as:

1. **Mathematical Foundations**: How do different mathematical philosophies (Platonism, Constructivism, Formalism) justify the existence or nature of numbers?
2. **Philosophical Debates**: What are the key arguments for and against the independent existence of numbers (e.g., Platonism vs. Nominalism)?
3. **Scientific Applications**: How do numbers enable scientific breakthroughs, and why are they so effective in describing the universe?
4. **Mystical Traditions**: What are some examples of numbers with symbolic meanings in cultures or spiritual practices?
5. **Computational Role**: How do numbers function as the building blocks of algorithms and modern technology?

Let me know which aspect intrigues you the most, or if you’d like to explore a specific question or example!",Failed to produce correct answer or use/build required tool.
SynapseReVAL,Ambiguous Task (Philosophy),True,57.6253023147583,5,5960,"The exploration of the ""true nature"" of numbers is a rich and ongoing dialogue between mathematics, philosophy, science, and culture. To deepen your understanding, let’s focus on synthesizing these perspectives and addressing the open questions you’ve highlighted. Here’s a structured way to proceed:

---

### **Core Questions Revisited**
1. **Are numbers discovered or invented?**
   - **Platonism/Realism**: Numbers are discovered (e.g., prime numbers exist as eternal truths).
   - **Formalism/Constructivism**: Numbers are invented (human-created tools or mental constructs).
   - **Middle Ground**: Some argue that basic numbers (like 1, 2, 3) are discovered through intuition, while advanced systems (like complex numbers) are invented.

2. **Do numbers exist outside of human minds?**
   - **Yes (Platonism)**: Numbers exist in an abstract realm (like the ""Form of the Number Two"").
   - **No (Nominalism/Fictionalism)**: Numbers are labels or fictions with no independent existence.
   - **Structuralism**: Numbers exist as relational roles within systems, not as standalone entities.

3. **How do abstract numbers relate to concrete things?**
   - **Representation**: Numbers describe patterns (e.g., ""3 apples"" reflects an abstract ""3"" applied to concrete objects).
   - **Universality**: Physical laws (e.g., gravity) are described mathematically, suggesting a deep connection between numbers and reality.

---

### **Key Perspectives to Explore Further**
#### 1. **Platonism vs. Formalism**
   - **Debate**: Is math a universal truth or a human game?
   - **Example**: The number π exists in nature (circle ratios) but is also defined formally (infinite series). Which is more fundamental?

#### 2. **Mathematical Universe Hypothesis (Physics)**
   - **Claim**: Reality is purely mathematical—physical ""things"" are just mathematical structures.
   - **Implication**: Numbers aren’t just tools; they *are* the fabric of reality.

#### 3. **Cultural Symbolism**
   - **Example**: The number 7 is lucky in many cultures but just a prime number in math. How do these layers interact?

#### 4. **Computational Limits**
   - **Question**: If numbers are mental constructs, can AI or aliens ""understand"" them differently?
   - **Example**: A computer processes ""2"" as binary code—does this undermine its abstract meaning?

---

### **Practical Exercise**
To ground this, try reflecting on:
- **Step 1**: Pick an object (e.g., a cup). Is its ""twoness"" (if you have two cups) real or imposed by your mind?
- **Step 2**: Imagine a world without humans. Would ""2 + 2 = 4"" still hold? Why or why not?

---

### **Next Steps**
Would you like to:
1. Dive into a specific debate (e.g., Platonism vs. Nominalism)?
2. Explore how numbers function in a particular field (e.g., quantum physics)?
3. Examine historical shifts in how numbers were understood (e.g., zero’s invention)?
4. Discuss the role of numbers in artificial intelligence?

Let me know how you’d like to proceed!",
